Project Description,Project Type,Technologies,Project Structure,Sample Code Snippets,Functional Requirements,Language,Target Platform
Build an online marketplace for buying and selling handmade crafts.,E-commerce platform,"Node.js, Express, MongoDB, React","Frontend, Backend, Database",const express = require('express'); const app = express(); ...,"Product listing, shopping cart, payment gateway","JavaScript, Node.js",Web
Develop a learning management system for universities to deliver online courses.,Educational app,"Django, PostgreSQL, React","Frontend, Backend, Database",class Course(models.Model): ...,"Course creation, student enrollment, quizzes",Python,Web
Create a mobile banking app with secure authentication and transaction features.,Finance and banking system,"Java, Spring Boot, MySQL","Frontend, Backend, Database",public class BankingApp { ... },"Account management, transaction history, notifications",Java,Mobile
Develop a patient management system for healthcare providers.,Healthcare management system,"Ruby on Rails, PostgreSQL, React","Frontend, Backend, Database",class Patient < ApplicationRecord ...,"Patient records, appointment scheduling, billing",Ruby,Web
Build a smart home system that integrates with IoT devices for automation.,IoT and smart home application,"Python, Flask, MQTT, React","Frontend, Backend, IoT Devices","app.route('/control-light').post((req, res) => { ... })","Device control, automation rules, security monitoring",Python,IoT
Create a multiplayer online game with real-time strategy elements.,Gaming platform,"Unity, C#, Photon","Game Client, Server, Database",void Start() { ... },"Multiplayer matchmaking, in-game chat, leaderboards",C#,Game
Develop a content management system for publishing blogs and articles.,Content management system,"PHP, Laravel, MySQL","Frontend, Backend, Database",<?php function createPost() { ... } ?>,"Post creation, media upload, content moderation",PHP,Web
Create a CRM tool for managing customer interactions and sales pipelines.,CRM tool,"Salesforce, JavaScript, Node.js","Frontend, Backend, Database",const lead = new Lead(); ...,"Lead tracking, customer data management, analytics",JavaScript,Web
Build a project management app with task tracking and collaboration features.,Project management application,"Angular, .NET Core, SQL Server","Frontend, Backend, Database",public class ProjectController : Controller { ... },"Task assignment, project timelines, file sharing",C#,Web
Develop a predictive analytics platform for financial forecasting.,AI and machine learning project,"Python, TensorFlow, Flask","Frontend, Backend, Database",def predict_stock_prices(): ...,"Data collection, predictive modeling, reporting",Python,Web
Create a fitness tracking app that syncs with wearable devices.,Health and fitness app,"Kotlin, Firebase, SQLite","Frontend, Backend, Database",fun syncWithWearable() { ... },"Activity tracking, goal setting, progress analytics",Kotlin,Mobile
Develop a social networking platform focused on professional connections.,Social networking platform,"Ruby on Rails, PostgreSQL, React","Frontend, Backend, Database",class User < ApplicationRecord ...,"Profile creation, connection requests, messaging",Ruby,Web
Build an e-commerce site with personalized product recommendations.,E-commerce platform,"Shopify, GraphQL, Node.js","Frontend, Backend, Database",const shopify = require('shopify-api-node'); ...,"Product catalog, order management, customer reviews",JavaScript,Web
Create an AI-powered chatbot for customer support.,Customer support tool,"Python, Flask, NLP","Frontend, Backend, AI Engine","from flask import Flask, request ...","Natural language understanding, response generation",Python,Web
Develop a video conferencing tool with screen sharing and recording features.,Video conferencing tool,"WebRTC, JavaScript, Node.js","Frontend, Backend, Media Server",const peer = new Peer(); ...,"Video calls, screen sharing, meeting scheduling",JavaScript,Web
Create an augmented reality app for interior design.,AR application,"Unity, ARKit, Swift","Frontend, Backend, AR Engine",ARAnchor *anchor = [[ARAnchor alloc] initWith ...];,"3D modeling, AR visualization, interactive UI",Swift,Mobile
Build a virtual event platform with live streaming and networking features.,Virtual event platform,"React, Node.js, WebRTC","Frontend, Backend, Media Server",const liveStream = require('live-stream'); ...,"Live streaming, participant engagement, virtual booths",JavaScript,Web
Develop a mobile health monitoring app for chronic disease management.,Health monitoring app,"Flutter, Firebase, GraphQL","Frontend, Backend, API Integration",class HealthData extends StatelessWidget { ... },"Health data tracking, alerts, doctor communication",Dart,Mobile
Create a decentralized file storage system using blockchain technology.,Blockchain project,"Ethereum, Solidity, IPFS","Blockchain, Frontend, Backend",pragma solidity ^0.8.0; contract Storage { ... },"File encryption, distributed storage, user access control",Solidity,Web
Develop an AI-based image recognition system for security cameras.,Security application,"Python, OpenCV, TensorFlow","Frontend, Backend, AI Engine",import cv2 ...,"Object detection, face recognition, alert system",Python,Web
Develop a real-time collaborative code editor with version control integration.,Development Tool,"WebSockets, React, Monaco Editor, Git API, Node.js","Frontend (React app), Backend (Node.js server), Database (PostgreSQL), Version Control System","import { MonacoEditor } from 'react-monaco-editor';

function CodeEditor() {
  return (
    <MonacoEditor
      width=""800""
      height=""600""
      language=""javascript""
      theme=""vs-dark""
      value={code}
      onChange={handleCodeChange}
    />
  );
}","Real-time collaboration, syntax highlighting, Git integration, user authentication","JavaScript, TypeScript",Web
Create a machine learning platform for automated trading in cryptocurrency markets.,FinTech,"Python, TensorFlow, FastAPI, PostgreSQL, Redis, Docker","Data Collection Service, ML Model Training Pipeline, Trading Engine, API Layer, Frontend Dashboard","from fastapi import FastAPI
from pydantic import BaseModel

app = FastAPI()

class Trade(BaseModel):
    symbol: str
    amount: float
    price: float

@app.post(""/execute_trade/"")
async def execute_trade(trade: Trade):
    # Implement trade execution logic
    return {""status"": ""success"", ""trade_id"": generate_trade_id()}","Data ingestion, model training, backtesting, real-time trading execution, performance analytics","Python, SQL",Web & Cloud
Build a drone delivery management system with route optimization.,Logistics,"Go, gRPC, PostgreSQL, React, Docker, Kubernetes","Microservices (Go), Frontend (React), Database (PostgreSQL), Message Queue (RabbitMQ)","package main

import (
    ""context""
    ""log""
    
    pb ""github.com/example/dronedelivery/proto""
    ""google.golang.org/grpc""
)

func main() {
    conn, err := grpc.Dial(""localhost:50051"", grpc.WithInsecure())
    if err != nil {
        log.Fatalf(""Failed to connect: %v"", err)
    }
    defer conn.Close()
    
    client := pb.NewDroneDeliveryClient(conn)
    
    // Implement drone delivery logic
}","Drone fleet management, route optimization, real-time tracking, delivery scheduling","Go, JavaScript",Web & Mobile
Develop an AI-powered music composition and production tool.,Creative Software,"Python, TensorFlow, PyDub, Flask, Web Audio API","ML Model (TensorFlow), Audio Processing (PyDub), Backend API (Flask), Frontend (Web Audio API)","import tensorflow as tf
from pydub import AudioSegment

def generate_music(seed_sequence):
    model = tf.keras.models.load_model('music_gen_model.h5')
    generated_sequence = model.predict(seed_sequence)
    
    # Convert generated sequence to audio
    audio = AudioSegment.from_wav(generated_sequence)
    return audio","AI-based melody generation, instrument synthesis, mixing and mastering, collaborative editing","Python, JavaScript",Desktop & Web
Create a blockchain-based supply chain tracking system for the pharmaceutical industry.,Supply Chain Management,"Hyperledger Fabric, Node.js, Express, Angular, MongoDB","Blockchain Network, Smart Contracts, API Layer, Frontend, Database","const { Gateway, Wallets } = require('fabric-network');

async function queryDrugHistory(drugId) {
    const gateway = new Gateway();
    await gateway.connect(ccp, { wallet, identity: 'user1' });
    
    const network = await gateway.getNetwork('mychannel');
    const contract = network.getContract('drugtrack');
    
    const result = await contract.evaluateTransaction('queryDrugHistory', drugId);
    return JSON.parse(result.toString());
}","Product tracking, temperature monitoring, authenticity verification, regulatory compliance","JavaScript, Go (for chaincode)",Web
Build an augmented reality navigation system for indoor spaces.,AR Application,"Unity, ARCore, C#, ASP.NET Core, SQL Server","AR App (Unity), Backend API (ASP.NET Core), Database (SQL Server)","using UnityEngine;
using UnityEngine.XR.ARFoundation;

public class ARNavigation : MonoBehaviour
{
    private ARRaycastManager raycastManager;
    
    void Start()
    {
        raycastManager = GetComponent<ARRaycastManager>();
    }
    
    void Update()
    {
        // Implement AR navigation logic
    }
}","Indoor mapping, AR path visualization, real-time positioning, POI information","C#, SQL",Mobile (iOS & Android)
Develop a distributed edge computing platform for IoT data processing.,IoT & Edge Computing,"Rust, gRPC, InfluxDB, Grafana, Kubernetes","Edge Nodes (Rust), Orchestrator (Kubernetes), Time-Series DB (InfluxDB), Visualization (Grafana)","use tokio::net::TcpListener;
use tonic::{transport::Server, Request, Response, Status};

pub mod edge_compute {
    tonic::include_proto!(""edgecompute"");
}

#[tokio::main]
async fn main() -> Result<(), Box<dyn std::error::Error>> {
    let addr = ""[::1]:50051"".parse()?;
    let edge_service = EdgeComputeService::default();

    Server::builder()
        .add_service(EdgeComputeServer::new(edge_service))
        .serve(addr)
        .await?;

    Ok(())
}","Edge node management, data aggregation, real-time analytics, fault tolerance","Rust, SQL",IoT Devices & Cloud
Create a natural language processing tool for automated legal document analysis.,Legal Tech,"Python, SpaCy, FastAPI, PostgreSQL, React","NLP Model (SpaCy), Backend API (FastAPI), Database (PostgreSQL), Frontend (React)","import spacy

nlp = spacy.load(""en_core_web_sm"")

def analyze_legal_document(text):
    doc = nlp(text)
    entities = [(ent.text, ent.label_) for ent in doc.ents]
    return {
        ""entities"": entities,
        ""summary"": generate_summary(doc)
    }","Document parsing, entity extraction, clause identification, risk assessment","Python, JavaScript",Web
Build a quantum computing simulator for educational purposes.,Quantum Computing,"Q#, Python, Django, React","Quantum Simulator (Q#), Backend API (Django), Frontend (React)","namespace QuantumSimulator {
    open Microsoft.Quantum.Canon;
    open Microsoft.Quantum.Intrinsic;

    operation SimulateQuantumCircuit(qubits : Qubit[]) : Result[] {
        // Implement quantum circuit simulation
        return MultiM(qubits);
    }
}","Qubit manipulation, quantum gate operations, measurement simulation, visual circuit designer","Q#, Python, JavaScript",Web
Develop a federated learning platform for privacy-preserving AI model training.,AI & Privacy,"Python, TensorFlow Federated, gRPC, PostgreSQL, Vue.js","Federated Learning Coordinator, Client Nodes, Model Aggregator, Frontend Dashboard","import tensorflow_federated as tff

def create_federated_model():
    return tff.learning.from_keras_model(
        keras_model=create_keras_model(),
        input_spec=preprocessed_dataset.element_spec,
        loss=tf.keras.losses.SparseCategoricalCrossentropy(),
        metrics=[tf.keras.metrics.SparseCategoricalAccuracy()]
    )

federated_model = create_federated_model()","Distributed model training, secure aggregation, differential privacy, model evaluation","Python, JavaScript",Web & Mobile
